{
  "openapi": "3.0.0",
  "info": {
    "title": "REST Countries",
    "description": "Get information about countries via a RESTful API",
    "version": "1.0.0",
    "contact": {
      "name": "REST Countries",
      "url": "https://restcountries.com"
    }
  },
  "servers": [
    {
      "url": "https://restcountries.com/v3.1"
    }
  ],
  "paths": {
    "/all": {
      "get": {
        "summary": "Get all countries",
        "operationId": "getAllCountries",
        "responses": {
          "200": {
            "description": "Successful response with all country data",
            "content": {
              "application/json": {
                "schema": {
                  "type": "array",
                  "items": {
                    "type": "object",
                    "properties": {
                      "name": {
                        "type": "object",
                        "properties": {
                          "common": {
                            "type": "string"
                          },
                          "official": {
                            "type": "string"
                          }
                        }
                      },
                      "capital": {
                        "type": "array",
                        "items": {
                          "type": "string"
                        }
                      },
                      "region": {
                        "type": "string"
                      },
                      "population": {
                        "type": "integer"
                      },
                      "flags": {
                        "type": "object",
                        "properties": {
                          "png": {
                            "type": "string"
                          },
                          "svg": {
                            "type": "string"
                          }
                        }
                      }
                    }
                  }
                }
              }
            }
          }
        }
      }
    },
    "/name/{countryName}": {
      "get": {
        "summary": "Search for a country by name",
        "operationId": "searchCountryByName",
        "parameters": [
          {
            "name": "countryName",
            "in": "path",
            "required": true,
            "schema": {
              "type": "string",
              "example": "United States"
            }
          }
        ],
        "responses": {
          "200": {
            "description": "Successful response with country details",
            "content": {
              "application/json": {
                "schema": {
                  "type": "array",
                  "items": {
                    "type": "object",
                    "properties": {
                      "name": {
                        "type": "object",
                        "properties": {
                          "common": {
                            "type": "string"
                          },
                          "official": {
                            "type": "string"
                          }
                        }
                      },
                      "languages": {
                        "type": "object",
                        "additionalProperties": {
                          "type": "string"
                        }
                      },
                      "currencies": {
                        "type": "object",
                        "additionalProperties": {
                          "type": "object",
                          "properties": {
                            "name": {
                              "type": "string"
                            },
                            "symbol": {
                              "type": "string"
                            }
                          }
                        }
                      }
                    }
                  }
                }
              }
            }
          }
        }
      }
    }
  }
}