{
  "openapi": "3.0.0",
  "info": {
    "title": "JSONPlaceholder API",
    "description": "Free fake API for testing and prototyping",
    "version": "1.0.0",
    "contact": {
      "name": "JSONPlaceholder",
      "url": "https://jsonplaceholder.typicode.com"
    }
  },
  "servers": [
    {
      "url": "https://jsonplaceholder.typicode.com"
    }
  ],
  "paths": {
    "/posts": {
      "get": {
        "summary": "List all posts",
        "description": "Retrieve a list of all posts",
        "operationId": "listPosts",
        "responses": {
          "200": {
            "description": "Successful response",
            "content": {
              "application/json": {
                "schema": {
                  "type": "array",
                  "items": {
                    "$ref": "#/components/schemas/Post"
                  }
                }
              }
            }
          }
        }
      },
      "post": {
        "summary": "Create a new post",
        "description": "Create a new post with the provided data",
        "operationId": "createPost",
        "requestBody": {
          "required": true,
          "content": {
            "application/json": {
              "schema": {
                "$ref": "#/components/schemas/PostInput"
              }
            }
          }
        },
        "responses": {
          "201": {
            "description": "Post created successfully",
            "content": {
              "application/json": {
                "schema": {
                  "$ref": "#/components/schemas/Post"
                }
              }
            }
          }
        }
      }
    },
    "/posts/{postId}": {
      "get": {
        "summary": "Get a specific post",
        "description": "Retrieve a single post by its ID",
        "operationId": "getPost",
        "parameters": [
          {
            "name": "postId",
            "in": "path",
            "required": true,
            "schema": {
              "type": "integer"
            }
          }
        ],
        "responses": {
          "200": {
            "description": "Successful response",
            "content": {
              "application/json": {
                "schema": {
                  "$ref": "#/components/schemas/Post"
                }
              }
            }
          }
        }
      },
      "put": {
        "summary": "Update a post",
        "description": "Update an existing post",
        "operationId": "updatePost",
        "parameters": [
          {
            "name": "postId",
            "in": "path",
            "required": true,
            "schema": {
              "type": "integer"
            }
          }
        ],
        "requestBody": {
          "required": true,
          "content": {
            "application/json": {
              "schema": {
                "$ref": "#/components/schemas/PostInput"
              }
            }
          }
        },
        "responses": {
          "200": {
            "description": "Post updated successfully",
            "content": {
              "application/json": {
                "schema": {
                  "$ref": "#/components/schemas/Post"
                }
              }
            }
          }
        }
      }
    },
    "/comments": {
      "get": {
        "summary": "List all comments",
        "description": "Retrieve a list of all comments",
        "operationId": "listComments",
        "responses": {
          "200": {
            "description": "Successful response",
            "content": {
              "application/json": {
                "schema": {
                  "type": "array",
                  "items": {
                    "$ref": "#/components/schemas/Comment"
                  }
                }
              }
            }
          }
        }
      }
    }
  },
  "components": {
    "schemas": {
      "PostInput": {
        "type": "object",
        "required": [
          "title",
          "body",
          "userId"
        ],
        "properties": {
          "title": {
            "type": "string",
            "example": "New Post Title"
          },
          "body": {
            "type": "string",
            "example": "This is the content of the new post"
          },
          "userId": {
            "type": "integer",
            "example": 1
          }
        }
      },
      "Post": {
        "type": "object",
        "properties": {
          "id": {
            "type": "integer",
            "example": 1
          },
          "title": {
            "type": "string",
            "example": "sunt aut facere repellat provident occaecati"
          },
          "body": {
            "type": "string",
            "example": "quia et suscipit\nsuscipit recusandae consequuntur expedita et cum"
          },
          "userId": {
            "type": "integer",
            "example": 1
          }
        }
      },
      "Comment": {
        "type": "object",
        "properties": {
          "postId": {
            "type": "integer",
            "example": 1
          },
          "id": {
            "type": "integer",
            "example": 1
          },
          "name": {
            "type": "string",
            "example": "id labore ex et quam laborum"
          },
          "email": {
            "type": "string",
            "example": "Eliseo@gardner.biz"
          },
          "body": {
            "type": "string",
            "example": "laudantium enim quasi est quidem magnam voluptate"
          }
        }
      }
    }
  },
  "tags": [
    {
      "name": "Posts",
      "description": "Operations related to posts"
    },
    {
      "name": "Comments",
      "description": "Operations related to comments"
    }
  ]
}